window_size,overlap,accuracy,train_samples,val_samples,model_path
128,64,92.73001551628113,90168,26520,features_labels_W128_O64_WAMPth20.tflite
160,80,92.59311556816101,72114,21210,features_labels_W160_O80_WAMPth20.tflite
192,96,93.12004446983337,60044,17660,features_labels_W192_O96_WAMPth20.tflite
224,112,93.11302304267883,51442,15130,features_labels_W224_O112_WAMPth20.tflite
256,128,91.86555743217468,45016,13240,features_labels_W256_O128_WAMPth20.tflite
288,144,93.18877458572388,39984,11760,features_labels_W288_O144_WAMPth20.tflite
32,16,91.11571311950684,361114,106210,features_labels_W32_O16_WAMPth20.tflite
64,32,90.99849462509155,180472,53080,features_labels_W64_O32_WAMPth20.tflite
96,48,92.5699770450592,120258,35370,features_labels_W96_O48_WAMPth20.tflite
