{
    "MAV": {
        "mean": 0.8067942357883838,
        "std": 0.0409107918004522
    },
    "WL": {
        "mean": 41.317744509999166,
        "std": 9.02400840532148
    },
    "WAMP": {
        "mean": 143.8596322802118,
        "std": 49.878908971464355
    },
    "MAVS": {
        "mean": -0.02818083011826997,
        "std": 0.16228932273220384
    }
}